{
  "name": "supabase-dependencies",
  "description": "Required dependencies for Supabase integration in renos-backend",
  "dependencies": {
    "@supabase/supabase-js": "^2.39.0",
    "@supabase/ssr": "^0.1.0"
  },
  "devDependencies": {
    "@types/node": "^20.0.0"
  },
  "installation_commands": [
    "npm install @supabase/supabase-js @supabase/ssr",
    "npm install -D @types/node"
  ],
  "notes": [
    "Kør 'npm install @supabase/supabase-js @supabase/ssr' i din renos-backend mappe",
    "Hvis du bruger TypeScript, installer også @types/node",
    "Tjek din package.json for konflikter før installation"
  ]
}